[
  {
    "message": "Olá! Como posso ajudar?",
    "chatId": 6845290060
  },
  {
    "message": "Certo. Escolha uma das opções para eu poder ajudar!",
    "chatId": 6845290060
  },
  {
    "message": "Olá! Como posso ajudar?",
    "chatId": 6845290060
  },
  {
    "message": "Certo. Escolha uma das opções para eu poder ajudar!",
    "chatId": 6845290060
  },
  {
    "type": "message",
    "content": "Olá! Como posso ajudar?",
    "chatId": 6845290060
  },
  {
    "type": "message",
    "content": "Certo. Escolha uma das opções para eu poder ajudar!",
    "chatId": 6845290060
  },
  {
    "type": "message",
    "content": "Olá! Como posso ajudar?",
    "chatId": 6845290060
  },
  {
    "type": "message",
    "content": "Certo. Escolha uma das opções para eu poder ajudar!",
    "chatId": 6845290060
  }
]